University,Country,Name,Email,Website Link
Yokohama National University,Japan,æ æ å æ ¹ ¸ ¸ ¸ (junji shikata),Not Available,Not Found
Yokohama National University,Japan,æ æ ã å å ä »(Keisuke shima),Not Available,Not Found
Yokohama National University,Japan,æ æ ç ç · ç ä (SHINICHI SHIRAKAWA),Not Available,Not Found
Yokohama National University,Japan,æ æ ã å ä ° ° ¿¿(TAKASHI TOMII),Not Available,Not Found
Yokohama National University,Japan,æ æ è è¤¤ æ æ å å å å å å å,Not Available,Not Found
Yokohama National University,Japan,æ æ æ £ ® ¾¾ ° å (tatsunori mori),Not Available,Not Found
Yokohama National University,Japan,æ æ å ² ¡å (katsunari Yoshioka),Not Available,Not Found
Yokohama National University,Japan,å æ ç ç ° é ¼ ¼ ¸ ¸ (ryoji tanabe),Not Available,Not Found
Yokohama National University,Japan,å © æ ã æ ± ¤ª¤ª (Taichi Murayama),Not Available,Not Found
Yokohama National University,Japan,ç ¹ä »» æ å ¡ï å æ æ ã è è è è è ° ç'¦¦ (Naoki Kuzuya),Not Available,Not Found
Yokohama National University,Japan,ç ¹ä »» æ å ¡ï ¬ ¬ å «ï ½ ½ ½ è æ æ æ æ æ æ æ æ æ,Not Available,Not Found
Yokohama National University,Japan,ç ¹ä »» æ å ¡ï å © æ æ ç ç ç ° ç ç ¢ æ (Kento Uchida),Not Available,Not Found
Yokohama National University,Japan,ç ¹ä »» æ å ¡ï å © æ æ ã ç ° æ æ æ å å å å å (TOUI Tomita),Not Available,Not Found
